region,year,population,population_age_0_to_14,population_age_15_64,population_age_65_and_above,broadband_subscriptions,cellular_subscriptions
East Asia & Pacific,1960,1030256390.00,404945587.00,585289187.00,39957381.00,"",0.00
East Asia & Pacific,1961,1033472284.00,406923720.00,586097390.00,40385259.00,"",""
East Asia & Pacific,1962,1047566333.00,415448157.00,591268293.00,40782047.00,"",""
East Asia & Pacific,1963,1072954212.00,429182132.00,602386527.00,41315628.00,"",""
East Asia & Pacific,1964,1097972842.00,441502104.00,614676547.00,41722099.00,"",""
East Asia & Pacific,1965,1124041729.00,452263897.00,629586092.00,42117520.00,"",0.00
East Asia & Pacific,1966,1153532209.00,465687528.00,643887019.00,43881331.00,"",""
East Asia & Pacific,1967,1182060557.00,476197216.00,660117304.00,45667619.00,"",""
East Asia & Pacific,1968,1210983884.00,485424776.00,678017791.00,47460831.00,"",""
East Asia & Pacific,1969,1243401022.00,495775214.00,698172328.00,49370855.00,"",""
East Asia & Pacific,1970,1275813452.00,506919518.00,717634980.00,51174105.00,"",0.00
East Asia & Pacific,1971,1309172006.00,520007516.00,735750506.00,53326760.00,"",""
East Asia & Pacific,1972,1340715118.00,531789580.00,753450337.00,55385478.00,"",""
East Asia & Pacific,1973,1370684198.00,542410348.00,770817976.00,57363630.00,"",""
East Asia & Pacific,1974,1400473191.00,551494262.00,789440157.00,59444175.00,"",""
East Asia & Pacific,1975,1427284700.00,557634283.00,808055772.00,61497956.00,"",0.00
East Asia & Pacific,1976,1451168566.00,560717210.00,826359686.00,63993191.00,"",0.00
East Asia & Pacific,1977,1473719245.00,561504107.00,845584431.00,66530656.00,"",0.00
East Asia & Pacific,1978,1496185850.00,560555864.00,866393395.00,69134828.00,"",0.00
East Asia & Pacific,1979,1519063049.00,558356363.00,888824813.00,71777772.00,"",0.00
East Asia & Pacific,1980,1541490818.00,555003206.00,911997777.00,74382424.00,"",0.00
East Asia & Pacific,1981,1564760463.00,549570428.00,937630567.00,77447733.00,"",13275.00
East Asia & Pacific,1982,1590324404.00,545341286.00,964392561.00,80473605.00,"",19804.00
East Asia & Pacific,1983,1615887297.00,541207901.00,991167008.00,83389410.00,"",27198.00
East Asia & Pacific,1984,1640201861.00,536665835.00,1017253193.00,86153191.00,"",43142.00
East Asia & Pacific,1985,1665103769.00,532657491.00,1043440775.00,88868683.00,"",68229.00
East Asia & Pacific,1986,1691578623.00,532310855.00,1067469227.00,91653988.00,"",128390.00
East Asia & Pacific,1987,1719454796.00,532857836.00,1092066093.00,94378101.00,"",226225.00
East Asia & Pacific,1988,1747590318.00,534069978.00,1116272686.00,97086840.00,"",424070.00
East Asia & Pacific,1989,1775103891.00,535375779.00,1139657646.00,99902445.00,"",871637.00
East Asia & Pacific,1990,1801914615.00,536252148.00,1162539915.00,102948707.00,"",1563028.00
East Asia & Pacific,1991,1827718875.00,540663605.00,1180849686.00,106027599.00,"",2548509.00
East Asia & Pacific,1992,1851795390.00,541349642.00,1200871397.00,109393738.00,"",3672398.00
East Asia & Pacific,1993,1875023701.00,540126895.00,1221712644.00,113001781.00,"",5491195.00
East Asia & Pacific,1994,1898282441.00,539387343.00,1241975237.00,116735719.00,"",10668664.00
East Asia & Pacific,1995,1921173418.00,539908310.00,1260592132.00,120486400.00,"",23827840.00
East Asia & Pacific,1996,1943722425.00,534831964.00,1283587961.00,125112648.00,"",48315746.00
East Asia & Pacific,1997,1965715411.00,533822538.00,1302299111.00,129400052.00,"",73390240.00
East Asia & Pacific,1998,1986871717.00,534028637.00,1319145601.00,133499647.00,67000.00,102638933.00
East Asia & Pacific,1999,2006642383.00,531360352.00,1337482836.00,137597512.00,610467.00,148368549.00
East Asia & Pacific,2000,2025467590.00,524340684.00,1359096314.00,141825730.00,5273154.00,216988626.00
East Asia & Pacific,2001,2043572540.00,518988962.00,1378425055.00,145951203.00,13041055.00,306828506.00
East Asia & Pacific,2002,2060728624.00,508992108.00,1401359894.00,150167418.00,24815655.00,401254628.00
East Asia & Pacific,2003,2077048186.00,496337875.00,1426131889.00,154367985.00,39884335.00,496545525.00
East Asia & Pacific,2004,2092818366.00,484688607.00,1449610418.00,158308299.00,60394028.00,607241761.00
East Asia & Pacific,2005,2108424273.00,476028247.00,1470222513.00,161962521.00,79084641.00,708354533.00
East Asia & Pacific,2006,2123929439.00,468458837.00,1489259468.00,166000889.00,101068171.00,829678269.00
East Asia & Pacific,2007,2138883676.00,463534127.00,1505391888.00,169748804.00,122109278.00,1021533168.00
East Asia & Pacific,2008,2154124880.00,460934344.00,1519514022.00,173469313.00,145462730.00,1227169196.00
East Asia & Pacific,2009,2168990070.00,459144883.00,1532235726.00,177403688.00,174030833.00,1408511802.00
East Asia & Pacific,2010,2183746243.00,457443194.00,1544289331.00,181808813.00,201168833.00,1614296054.00
East Asia & Pacific,2011,2198492633.00,456514550.00,1554734792.00,187038554.00,235673632.00,1839675010.00
East Asia & Pacific,2012,2213557306.00,455945879.00,1564832299.00,192573773.00,258065168.00,2042202237.00
East Asia & Pacific,2013,2228702764.00,455628273.00,1574194377.00,198673396.00,275218264.00,2208386709.00
East Asia & Pacific,2014,2244090263.00,455609887.00,1582520637.00,205751013.00,290616804.00,2340700861.00
East Asia & Pacific,2015,2259394269.00,455771384.00,1589394992.00,214017623.00,372586820.00,2373541123.00
East Asia & Pacific,2016,2274977780.00,456571594.00,1594198610.00,223995911.00,424024612.00,2532964139.00
East Asia & Pacific,2017,2290545243.00,457098834.00,1598121785.00,235112332.00,502289262.00,2690600444.00
East Asia & Pacific,2018,2304563792.00,457124091.00,1600502845.00,246723977.00,521910938.00,2794499276.00
East Asia & Pacific,2019,2317037261.00,456734000.00,1602022437.00,258067270.00,569312790.00,2965247149.00
Europe & Central Asia,1960,660035894.00,185010300.00,418373758.00,55498067.00,"",0.00
Europe & Central Asia,1961,667685249.00,188245813.00,421382846.00,56879806.00,"",""
Europe & Central Asia,1962,675590336.00,190819569.00,425253546.00,58308015.00,"",""
Europe & Central Asia,1963,683567094.00,192774042.00,429763605.00,59787409.00,"",""
Europe & Central Asia,1964,691476789.00,194352043.00,434525010.00,61324889.00,"",""
Europe & Central Asia,1965,699161490.00,195638213.00,439276710.00,62938312.00,"",0.00
Europe & Central Asia,1966,705873053.00,196620759.00,443153763.00,64757049.00,"",""
Europe & Central Asia,1967,712408562.00,197205993.00,447237138.00,66589488.00,"",""
Europe & Central Asia,1968,718691562.00,197424929.00,451422582.00,68434487.00,"",""
Europe & Central Asia,1969,724838731.00,197375029.00,455718399.00,70302143.00,"",""
Europe & Central Asia,1970,730431605.00,197030810.00,459800469.00,72123638.00,"",0.00
Europe & Central Asia,1971,736005187.00,196304039.00,464010683.00,74181045.00,"",""
Europe & Central Asia,1972,742107014.00,195770488.00,468611677.00,76179510.00,"",""
Europe & Central Asia,1973,748043742.00,195186887.00,473189146.00,78087953.00,"",""
Europe & Central Asia,1974,753775793.00,194411770.00,477777554.00,79971554.00,"",""
Europe & Central Asia,1975,759336168.00,193408560.00,482420593.00,81858400.00,"",0.00
Europe & Central Asia,1976,764788397.00,192794280.00,486290733.00,84020085.00,"",0.00
Europe & Central Asia,1977,770036933.00,191789175.00,490320973.00,86210262.00,"",0.00
Europe & Central Asia,1978,775229442.00,190606611.00,494663152.00,88209892.00,"",0.00
Europe & Central Asia,1979,780451204.00,189545173.00,499458352.00,89663145.00,"",0.00
Europe & Central Asia,1980,785809265.00,188789400.00,504799434.00,90402123.00,"",23482.00
Europe & Central Asia,1981,791025817.00,188345867.00,510115635.00,90711251.00,"",50310.00
Europe & Central Asia,1982,795772730.00,188139521.00,515510756.00,90236066.00,"",79375.00
Europe & Central Asia,1983,800304750.00,188133131.00,520843730.00,89406069.00,"",118093.00
Europe & Central Asia,1984,805040794.00,188222153.00,526026288.00,88833872.00,"",179574.00
Europe & Central Asia,1985,809860011.00,188258702.00,530762082.00,88841751.00,"",322211.00
Europe & Central Asia,1986,814798775.00,188607302.00,534377115.00,89777586.00,"",559165.00
Europe & Central Asia,1987,819810561.00,188847025.00,537738776.00,91146970.00,"",952116.00
Europe & Central Asia,1988,824843121.00,188933700.00,540919121.00,92869243.00,"",1580365.00
Europe & Central Asia,1989,829718007.00,188786604.00,543979062.00,94790404.00,"",2495466.00
Europe & Central Asia,1990,841379774.00,190045116.00,551660422.00,97473059.00,"",3455438.00
Europe & Central Asia,1991,845256624.00,189664112.00,553492169.00,99859860.00,"",4724050.00
Europe & Central Asia,1992,848735897.00,188744548.00,555393034.00,102321049.00,"",6253475.00
Europe & Central Asia,1993,851781342.00,187384062.00,557383670.00,104700739.00,"",9292875.00
Europe & Central Asia,1994,853889135.00,185636973.00,559180724.00,106723698.00,"",15157048.00
Europe & Central Asia,1995,855347167.00,183642551.00,561002431.00,108319563.00,"",24086853.00
Europe & Central Asia,1996,856712554.00,180971543.00,563240064.00,110085627.00,"",37967095.00
Europe & Central Asia,1997,858019364.00,178478090.00,565721363.00,111374861.00,"",61012307.00
Europe & Central Asia,1998,859151255.00,175969145.00,568411628.00,112442545.00,99888.00,104327311.00
Europe & Central Asia,1999,860171670.00,173213618.00,571194062.00,113636799.00,204778.00,181451824.00
Europe & Central Asia,2000,861130105.00,170179254.00,573786261.00,115095449.00,1765800.00,290863979.00
Europe & Central Asia,2001,862198843.00,167278183.00,575734451.00,117111231.00,6535457.00,358720697.00
Europe & Central Asia,2002,863787244.00,164264974.00,578010857.00,119429936.00,13727842.00,407856196.00
Europe & Central Asia,2003,866065622.00,161368690.00,580800309.00,121808454.00,24980184.00,473112304.00
Europe & Central Asia,2004,868657440.00,158852991.00,583941242.00,123768490.00,43257746.00,576329781.00
Europe & Central Asia,2005,871304954.00,156854870.00,587286634.00,125062745.00,66095101.00,708256923.00
Europe & Central Asia,2006,874004193.00,155568449.00,589936421.00,126380671.00,91511158.00,829272337.00
Europe & Central Asia,2007,877146036.00,154756591.00,593047148.00,127206100.00,116707944.00,935574935.00
Europe & Central Asia,2008,880672689.00,154407826.00,596271107.00,127840519.00,136931457.00,1015995322.00
Europe & Central Asia,2009,884311197.00,154388220.00,599096951.00,128656247.00,153568022.00,1058756975.00
Europe & Central Asia,2010,887767086.00,154596625.00,601121962.00,129862370.00,168621927.00,1070069058.00
Europe & Central Asia,2011,890001708.00,155464342.00,601092866.00,131242565.00,181138327.00,1073649043.00
Europe & Central Asia,2012,893626586.00,156541965.00,601595729.00,133271339.00,192487519.00,1096878054.00
Europe & Central Asia,2013,897897378.00,157840250.00,602133311.00,135696495.00,204583430.00,1123342740.00
Europe & Central Asia,2014,902242716.00,159306538.00,602420499.00,138294733.00,212703111.00,1123227357.00
Europe & Central Asia,2015,906542031.00,160867759.00,602502141.00,140976332.00,224265568.00,1123508233.00
Europe & Central Asia,2016,910737835.00,162301504.00,602341549.00,143909310.00,233492305.00,1125961763.00
Europe & Central Asia,2017,914416796.00,163695372.00,601713781.00,146807946.00,245942861.00,1131687099.00
Europe & Central Asia,2018,917752119.00,164958635.00,600866960.00,149719737.00,253833655.00,1134623427.00
Europe & Central Asia,2019,920967833.00,165962650.00,600091278.00,152708486.00,262592299.00,1159038183.00
Latin America & Caribbean,1960,199344148.00,86950529.00,105503089.00,6753690.00,"",0.00
Latin America & Caribbean,1961,205092393.00,89831014.00,108106414.00,7016682.00,"",""
Latin America & Caribbean,1962,211026834.00,92821342.00,110785419.00,7280713.00,"",""
Latin America & Caribbean,1963,217120035.00,95840348.00,113594143.00,7545341.00,"",""
Latin America & Caribbean,1964,223319258.00,98750509.00,116617623.00,7810174.00,"",""
Latin America & Caribbean,1965,229596472.00,101476573.00,119902138.00,8076026.00,"",0.00
Latin America & Caribbean,1966,235941692.00,104372471.00,123058152.00,8368467.00,"",""
Latin America & Caribbean,1967,242353627.00,106996796.00,126549364.00,8663965.00,"",""
Latin America & Caribbean,1968,248832734.00,109420085.00,130305275.00,8962945.00,"",""
Latin America & Caribbean,1969,255374382.00,111750770.00,134214728.00,9263458.00,"",""
Latin America & Caribbean,1970,261979999.00,114038318.00,138229241.00,9565968.00,"",0.00
Latin America & Caribbean,1971,268646906.00,116335265.00,142251726.00,9912348.00,"",""
Latin America & Caribbean,1972,275367838.00,118579338.00,146388383.00,10251414.00,"",""
Latin America & Caribbean,1973,282159972.00,120750196.00,150670507.00,10589305.00,"",""
Latin America & Caribbean,1974,289037243.00,122803560.00,155147874.00,10934420.00,"",""
Latin America & Caribbean,1975,296008406.00,124726643.00,159837584.00,11291162.00,"",0.00
Latin America & Caribbean,1976,303073287.00,126655619.00,164548616.00,11714150.00,"",0.00
Latin America & Caribbean,1977,310225793.00,128498828.00,169424978.00,12144907.00,"",0.00
Latin America & Caribbean,1978,317480576.00,130275487.00,174467391.00,12578405.00,"",0.00
Latin America & Caribbean,1979,324837399.00,132015598.00,179657002.00,13003523.00,"",0.00
Latin America & Caribbean,1980,332302230.00,133743458.00,184980132.00,13415778.00,"",0.00
Latin America & Caribbean,1981,339868173.00,135612153.00,190242109.00,13850040.00,"",0.00
Latin America & Caribbean,1982,347527736.00,137435628.00,195659967.00,14267694.00,"",0.00
Latin America & Caribbean,1983,355249486.00,139220543.00,201181951.00,14681871.00,"",0.00
Latin America & Caribbean,1984,362996204.00,140958893.00,206760627.00,15110025.00,"",0.00
Latin America & Caribbean,1985,370739490.00,142630552.00,212375859.00,15563550.00,"",0.00
Latin America & Caribbean,1986,378463957.00,144366498.00,217838479.00,16084974.00,"",0.00
Latin America & Caribbean,1987,386168659.00,145986770.00,223380464.00,16621591.00,"",3917.00
Latin America & Caribbean,1988,393855595.00,147502160.00,228988582.00,17178628.00,"",12000.00
Latin America & Caribbean,1989,401533277.00,148923820.00,234655598.00,17761610.00,"",28671.00
Latin America & Caribbean,1990,409208343.00,150250952.00,240385463.00,18374817.00,"",113486.00
Latin America & Caribbean,1991,416859846.00,151455302.00,246135191.00,19068788.00,"",272650.00
Latin America & Caribbean,1992,424481707.00,152606000.00,251890089.00,19782723.00,"",600932.00
Latin America & Caribbean,1993,432081496.00,153665642.00,257701500.00,20509798.00,"",1023592.00
Latin America & Caribbean,1994,439655970.00,154592150.00,263619975.00,21237703.00,"",2016452.00
Latin America & Caribbean,1995,447200777.00,155367811.00,269662704.00,21962073.00,"",3522701.00
Latin America & Caribbean,1996,454724566.00,155968694.00,275790848.00,22754274.00,"",5983550.00
Latin America & Caribbean,1997,462200719.00,156427069.00,282024238.00,23535657.00,"",10746572.00
Latin America & Caribbean,1998,469623612.00,156749583.00,288306405.00,24319200.00,1000.00,18578782.00
Latin America & Caribbean,1999,476899505.00,156954071.00,294568906.00,25124358.00,7075.00,36272824.00
Latin America & Caribbean,2000,484032663.00,157044090.00,300768447.00,25964161.00,138033.00,57276950.00
Latin America & Caribbean,2001,491007508.00,157037656.00,306824083.00,26884868.00,521622.00,77983813.00
Latin America & Caribbean,2002,497827611.00,156915649.00,312811980.00,27833579.00,1379181.00,95023570.00
Latin America & Caribbean,2003,504511670.00,156690956.00,318739780.00,28808246.00,2217071.00,118479062.00
Latin America & Caribbean,2004,511098623.00,156377852.00,324639612.00,29801843.00,5611921.00,161317878.00
Latin America & Caribbean,2005,517611359.00,155976726.00,330534344.00,30815041.00,7461559.00,218632069.00
Latin America & Caribbean,2006,524047795.00,155461796.00,336441695.00,31853421.00,11400186.00,275146509.00
Latin America & Caribbean,2007,530407156.00,154842024.00,342363047.00,32905862.00,17411769.00,342228476.00
Latin America & Caribbean,2008,536703584.00,154129800.00,348283120.00,33989675.00,24693760.00,414255236.00
Latin America & Caribbean,2009,542947243.00,153355019.00,354161098.00,35125765.00,30189964.00,461923980.00
Latin America & Caribbean,2010,549144101.00,152550867.00,359951695.00,36332887.00,35148107.00,516296924.00
Latin America & Caribbean,2011,555277062.00,151710517.00,365641002.00,37614730.00,41992549.00,570652137.00
Latin America & Caribbean,2012,561362979.00,150924648.00,371179038.00,38945124.00,46666710.00,601642779.00
Latin America & Caribbean,2013,567395378.00,150168729.00,376554340.00,40354394.00,50423684.00,640209486.00
Latin America & Caribbean,2014,573331690.00,149393655.00,381740702.00,41876568.00,55120787.00,651091121.00
Latin America & Caribbean,2015,579169117.00,148577660.00,386729254.00,43538274.00,60255831.00,632441909.00
Latin America & Caribbean,2016,584898160.00,147788396.00,391502602.00,45279709.00,64217363.00,627351728.00
Latin America & Caribbean,2017,590509245.00,146936079.00,396100779.00,47141685.00,68910663.00,611859456.00
Latin America & Caribbean,2018,595972672.00,146069525.00,400467418.00,49102109.00,73760702.00,605073890.00
Latin America & Caribbean,2019,601492131.00,145293809.00,404691606.00,51170170.00,76983717.00,605385485.00
Middle East & North Africa,1960,105203269.00,45133226.00,56181858.00,3888186.00,"",0.00
Middle East & North Africa,1961,108061812.00,46792979.00,57260500.00,4008333.00,"",""
Middle East & North Africa,1962,111045434.00,48497548.00,58422427.00,4125460.00,"",""
Middle East & North Africa,1963,114101592.00,50193187.00,59670047.00,4238358.00,"",""
Middle East & North Africa,1964,117271166.00,51838845.00,61081728.00,4350594.00,"",""
Middle East & North Africa,1965,120541214.00,53402415.00,62676689.00,4462110.00,"",0.00
Middle East & North Africa,1966,123908159.00,55120071.00,64185621.00,4602465.00,"",""
Middle East & North Africa,1967,127444958.00,56743290.00,65957875.00,4743793.00,"",""
Middle East & North Africa,1968,131026912.00,58270837.00,67875785.00,4880290.00,"",""
Middle East & North Africa,1969,134704201.00,59779386.00,69908360.00,5016455.00,"",""
Middle East & North Africa,1970,138473064.00,61295629.00,72023824.00,5153612.00,"",0.00
Middle East & North Africa,1971,142307879.00,62988524.00,73996010.00,5323346.00,"",""
Middle East & North Africa,1972,146213388.00,64644902.00,76078008.00,5490478.00,"",""
Middle East & North Africa,1973,150292291.00,66319938.00,78315009.00,5657344.00,"",""
Middle East & North Africa,1974,154509812.00,68024033.00,80670854.00,5814924.00,"",""
Middle East & North Africa,1975,158917328.00,69791636.00,83162248.00,5963444.00,"",0.00
Middle East & North Africa,1976,163532323.00,71724904.00,85672682.00,6134737.00,"",0.00
Middle East & North Africa,1977,168361100.00,73732318.00,88331754.00,6297028.00,"",0.00
Middle East & North Africa,1978,173447058.00,75834646.00,91157866.00,6454546.00,"",0.00
Middle East & North Africa,1979,178866341.00,78071385.00,94181199.00,6613757.00,"",0.00
Middle East & North Africa,1980,184628605.00,80465488.00,97386852.00,6776266.00,"",0.00
Middle East & North Africa,1981,190731422.00,83165015.00,100589912.00,6976494.00,"",0.00
Middle East & North Africa,1982,197157159.00,85974743.00,104005620.00,7176796.00,"",2330.00
Middle East & North Africa,1983,203834190.00,88860468.00,107592384.00,7381338.00,"",3564.00
Middle East & North Africa,1984,210648811.00,91754767.00,111296873.00,7597171.00,"",4936.00
Middle East & North Africa,1985,217572788.00,94611491.00,115124619.00,7836679.00,"",7976.00
Middle East & North Africa,1986,224549844.00,97679865.00,118744429.00,8125550.00,"",20756.00
Middle East & North Africa,1987,231570113.00,100603565.00,122531456.00,8435092.00,"",33793.00
Middle East & North Africa,1988,238565130.00,103349739.00,126453673.00,8761718.00,"",39447.00
Middle East & North Africa,1989,245453259.00,105855512.00,130498003.00,9099745.00,"",58750.00
Middle East & North Africa,1990,254215138.00,109026833.00,135692889.00,9495415.00,"",103858.00
Middle East & North Africa,1991,261046309.00,111035705.00,140102981.00,9907623.00,"",155184.00
Middle East & North Africa,1992,265656619.00,112027091.00,143343159.00,10286367.00,"",191885.00
Middle East & North Africa,1993,272107828.00,113339702.00,148069631.00,10698495.00,"",269134.00
Middle East & North Africa,1994,278384965.00,114310992.00,152953743.00,11120231.00,"",413526.00
Middle East & North Africa,1995,286096964.00,115454182.00,159066746.00,11576036.00,"",973700.00
Middle East & North Africa,1996,292041181.00,115716763.00,164307507.00,12016912.00,"",2039076.00
Middle East & North Africa,1997,297891731.00,115813687.00,169627191.00,12450853.00,"",3541824.00
Middle East & North Africa,1998,303641740.00,115741791.00,175021460.00,12878489.00,"",5074447.00
Middle East & North Africa,1999,309436741.00,115544971.00,180587160.00,13304610.00,367.00,7500527.00
Middle East & North Africa,2000,315326801.00,115244425.00,186353194.00,13729183.00,3809.00,14393984.00
Middle East & North Africa,2001,321297208.00,114829458.00,192333537.00,14134213.00,82647.00,24207669.00
Middle East & North Africa,2002,327362252.00,114351015.00,198478403.00,14532834.00,388878.00,33593663.00
Middle East & North Africa,2003,333608779.00,113910276.00,204774057.00,14924447.00,857532.00,44399319.00
Middle East & North Africa,2004,340143481.00,113648304.00,211192201.00,15302978.00,1401491.00,62657249.00
Middle East & North Africa,2005,347029874.00,113656691.00,217705037.00,15668146.00,2160102.00,98356990.00
Middle East & North Africa,2006,354302463.00,113872179.00,224368204.00,16062080.00,3116409.00,143764634.00
Middle East & North Africa,2007,361929136.00,114350326.00,231131995.00,16446816.00,4577861.00,203234489.00
Middle East & North Africa,2008,369823252.00,115125241.00,237857358.00,16840653.00,6322716.00,251628064.00
Middle East & North Africa,2009,377883993.00,116202192.00,244411129.00,17270671.00,8130791.00,308984279.00
Middle East & North Africa,2010,385917886.00,117536366.00,250637961.00,17743558.00,10035249.00,354183462.00
Middle East & North Africa,2011,393944527.00,119056913.00,256636128.00,18251486.00,12677376.00,387335257.00
Middle East & North Africa,2012,401974219.00,120859964.00,262327011.00,18787247.00,16130430.00,415289016.00
Middle East & North Africa,2013,409977872.00,122890853.00,267721635.00,19365382.00,18636182.00,445830835.00
Middle East & North Africa,2014,417932241.00,125027900.00,272893876.00,20010462.00,21672632.00,456533768.00
Middle East & North Africa,2015,425821770.00,127166588.00,277913178.00,20742003.00,28040197.00,466483371.00
Middle East & North Africa,2016,433597628.00,129691467.00,282402566.00,21503594.00,31215788.00,470359046.00
Middle East & North Africa,2017,441255236.00,131988884.00,286920182.00,22346170.00,41684405.00,474369881.00
Middle East & North Africa,2018,448912962.00,134163153.00,291486317.00,23263492.00,42947961.00,478497320.00
Middle East & North Africa,2019,456707404.00,136327789.00,296136077.00,24243538.00,44392699.00,507780515.00
North America,1960,198624409.00,61490094.00,119241674.00,17848241.00,"",0.00
North America,1961,202007500.00,62766316.00,120905664.00,18290020.00,"",""
North America,1962,205198600.00,63667848.00,122782382.00,18701770.00,"",""
North America,1963,208253700.00,64273994.00,124830127.00,19101878.00,"",""
North America,1964,211262900.00,64713122.00,126991852.00,19509027.00,"",""
North America,1965,214031100.00,64973912.00,129099490.00,19907598.00,"",0.00
North America,1966,216659000.00,65060188.00,131164241.00,20383571.00,"",""
North America,1967,219176000.00,65000330.00,133262344.00,20861324.00,"",""
North America,1968,221503000.00,64768734.00,135345509.00,21335758.00,"",""
North America,1969,223759000.00,64399304.00,137495518.00,21810178.00,"",""
North America,1970,226431000.00,64039388.00,140016536.00,22320078.00,"",0.00
North America,1971,229677632.00,63482397.00,143178951.00,22961685.00,"",""
North America,1972,232168663.00,62729455.00,145874886.00,23510121.00,"",""
North America,1973,234454577.00,61897877.00,148463869.00,24039032.00,"",""
North America,1974,236715369.00,60989391.00,151094409.00,24578169.00,"",""
North America,1975,239169275.00,60061359.00,153911325.00,25143591.00,"",0.00
North America,1976,241538008.00,59502091.00,156203077.00,25779640.00,"",0.00
North America,1977,244018243.00,58843090.00,158680969.00,26440785.00,"",0.00
North America,1978,246601803.00,58159398.00,161249858.00,27138947.00,"",0.00
North America,1979,249310344.00,57580235.00,163808519.00,27867790.00,"",0.00
North America,1980,251795337.00,57097785.00,166072224.00,28570658.00,"",0.00
North America,1981,254340965.00,56825485.00,168263735.00,29196694.00,"",0.00
North America,1982,256836391.00,56693681.00,170305464.00,29781797.00,"",0.00
North America,1983,259214381.00,56679709.00,172133041.00,30345701.00,"",0.00
North America,1984,261488476.00,56742360.00,173774834.00,30914859.00,"",91600.00
North America,1985,263823014.00,56892177.00,175359195.00,31514745.00,"",352213.00
North America,1986,266290660.00,57355087.00,176737185.00,32141006.00,"",741825.00
North America,1987,268793450.00,57870678.00,178102924.00,32761999.00,"",1329224.00
North America,1988,271349094.00,58435544.00,179476843.00,33378361.00,"",2272073.00
North America,1989,274154622.00,59082750.00,181014431.00,33998601.00,"",3854863.00
North America,1990,277373464.00,59834493.00,182841841.00,34637803.00,"",5867938.00
North America,1991,281077441.00,60941067.00,184820578.00,35256775.00,"",8334421.00
North America,1992,284943859.00,62056322.00,186983991.00,35844952.00,"",12061346.00
North America,1993,288662674.00,63063806.00,189169621.00,36370337.00,"",17345880.00
North America,1994,292185983.00,63904377.00,191397767.00,36824519.00,"",26005307.00
North America,1995,295640057.00,64592737.00,193767054.00,37220521.00,"",36381804.00
North America,1996,299064347.00,65392166.00,196063017.00,37549034.00,"",47548760.00
North America,1997,302623445.00,65994479.00,198712188.00,37856281.00,"",59517576.00
North America,1998,306070116.00,66415681.00,201467992.00,38125500.00,845900.00,74567872.00
North America,1999,309502571.00,66778398.00,204277217.00,38385671.00,3336290.00,92970840.00
North America,2000,312909974.00,67117883.00,207073427.00,38656831.00,8480800.00,118218000.00
North America,2001,316052361.00,67193035.00,209774743.00,39022080.00,15628800.00,139162333.00
North America,2002,319048184.00,67357240.00,212270493.00,39357538.00,23396500.00,153702000.00
North America,2003,321815286.00,67482043.00,214581102.00,39688816.00,32257300.00,173968000.00
North America,2004,324809693.00,67524541.00,217112833.00,40108579.00,42768500.00,199888000.00
North America,2005,327824506.00,67406606.00,219741003.00,40612742.00,58178887.00,220769320.00
North America,2006,331015609.00,67783023.00,221904132.00,41263931.00,68305343.00,248409200.00
North America,2007,334185120.00,67960216.00,224171676.00,41988341.00,80808119.00,269646400.00
North America,2008,337406357.00,68030810.00,226477065.00,42833210.00,87006255.00,283471500.00
North America,2009,340466060.00,68064528.00,228520092.00,43815804.00,90322000.00,298179900.00
North America,2010,343391679.00,68104748.00,230253438.00,44968368.00,95379200.00,311031600.00
North America,2011,345960766.00,68026570.00,231625079.00,46244554.00,99639700.00,324332200.00
North America,2012,348610010.00,67868530.00,232977647.00,47699034.00,104244000.00,332649000.00
North America,2013,351141670.00,67660593.00,234143753.00,49272323.00,108166600.00,339152300.00
North America,2014,353803581.00,67493894.00,235293797.00,50950752.00,110412731.00,384348491.00
North America,2015,356403308.00,67347451.00,236308769.00,52681851.00,115357400.00,412110000.00
North America,2016,359115352.00,67174931.00,237384089.00,54491779.00,119136297.00,426696891.00
North America,2017,361592733.00,67086927.00,238176417.00,56265515.00,124459608.00,431963997.00
North America,2018,363809186.00,67001255.00,238716584.00,58027427.00,130789108.00,437723997.00
North America,2019,365892703.00,66842547.00,239146190.00,59840048.00,128997808.00,439256997.00
South Asia,1960,572839523.00,232283978.00,322627763.00,17927782.00,"",0.00
South Asia,1961,584939726.00,238814899.00,327615687.00,18509140.00,"",""
South Asia,1962,597494449.00,245721729.00,332677545.00,19095175.00,"",""
South Asia,1963,610498327.00,252754687.00,338091528.00,19652112.00,"",""
South Asia,1964,623943332.00,259486091.00,344314324.00,20142917.00,"",""
South Asia,1965,637823175.00,265711777.00,351558498.00,20552900.00,"",0.00
South Asia,1966,652144182.00,272547596.00,358382458.00,21214128.00,"",""
South Asia,1967,666908582.00,278735158.00,366364878.00,21808546.00,"",""
South Asia,1968,682102178.00,284460455.00,375280414.00,22361309.00,"",""
South Asia,1969,697706104.00,290040496.00,384761529.00,22904079.00,"",""
South Asia,1970,713711349.00,295644060.00,394611453.00,23455836.00,"",0.00
South Asia,1971,730107637.00,301988852.00,403791992.00,24326793.00,"",""
South Asia,1972,746911716.00,308236312.00,413479624.00,25195780.00,"",""
South Asia,1973,764174958.00,314423259.00,423703662.00,26048037.00,"",""
South Asia,1974,781966565.00,320542438.00,434557750.00,26866377.00,"",""
South Asia,1975,800335563.00,326613665.00,446076262.00,27645636.00,"",0.00
South Asia,1976,819292545.00,333829573.00,456835070.00,28627902.00,"",0.00
South Asia,1977,838819925.00,340778460.00,468476470.00,29564995.00,"",0.00
South Asia,1978,858901731.00,347595292.00,480843553.00,30462886.00,"",0.00
South Asia,1979,879510848.00,354445687.00,493735501.00,31329660.00,"",0.00
South Asia,1980,900620572.00,361419857.00,507027246.00,32173469.00,"",0.00
South Asia,1981,922226636.00,369533463.00,519448533.00,33244640.00,"",0.00
South Asia,1982,944315187.00,377681871.00,532372740.00,34260576.00,"",0.00
South Asia,1983,966836452.00,385809124.00,545802696.00,35224632.00,"",0.00
South Asia,1984,989728215.00,393768022.00,559813299.00,36146894.00,"",0.00
South Asia,1985,1012942302.00,401465851.00,574436600.00,37039851.00,"",0.00
South Asia,1986,1036437892.00,410320523.00,587902270.00,38215099.00,"",0.00
South Asia,1987,1060208539.00,418541612.00,602313935.00,39352992.00,"",0.00
South Asia,1988,1084281155.00,426298959.00,617525947.00,40456249.00,"",0.00
South Asia,1989,1108702403.00,433815489.00,633358496.00,41528418.00,"",0.00
South Asia,1990,1133495196.00,441183072.00,649732212.00,42579912.00,"",3010.00
South Asia,1991,1158655617.00,448961875.00,665582742.00,44111000.00,"",10300.00
South Asia,1992,1184133314.00,456451177.00,682073749.00,45608388.00,"",16394.00
South Asia,1993,1209847786.00,463542370.00,699225210.00,47080206.00,"",31187.00
South Asia,1994,1235693869.00,470045509.00,717107993.00,48540367.00,"",54948.00
South Asia,1995,1261587756.00,475853448.00,735729464.00,50004844.00,"",171460.00
South Asia,1996,1287476190.00,481727617.00,753852349.00,51896224.00,"",471054.00
South Asia,1997,1313346377.00,486937861.00,772654491.00,53754025.00,"",1159044.00
South Asia,1998,1339202708.00,491515456.00,792091238.00,55596014.00,"",1642304.00
South Asia,1999,1365067928.00,495557596.00,812067035.00,57443297.00,"",2564005.00
South Asia,2000,1390946064.00,499155683.00,832477689.00,59312692.00,"",4610659.00
South Asia,2001,1416822959.00,503421381.00,851891661.00,61509917.00,50327.00,8506448.00
South Asia,2002,1442644058.00,507076663.00,871871850.00,63695545.00,83191.00,16793723.00
South Asia,2003,1468324422.00,510212825.00,892259736.00,65851861.00,144282.00,39203388.00
South Asia,2004,1493757846.00,512938093.00,912868726.00,67951027.00,256367.00,63084792.00
South Asia,2005,1518861552.00,515292857.00,933578447.00,69990248.00,1387080.00,116939916.00
South Asia,2006,1543610696.00,518073070.00,953244296.00,72293330.00,2357243.00,229130701.00
South Asia,2007,1568003159.00,520494963.00,972986684.00,74521512.00,3303988.00,347230168.00
South Asia,2008,1592010819.00,522480639.00,992836704.00,76693476.00,5629923.00,503420166.00
South Asia,2009,1615610198.00,523836934.00,1012945044.00,78828220.00,8660474.00,703991288.00
South Asia,2010,1638792934.00,524436327.00,1033399641.00,80956966.00,12508277.00,956959027.00
South Asia,2011,1661534412.00,524871513.00,1053149918.00,83512981.00,15472027.00,1133612138.00
South Asia,2012,1683747130.00,524278341.00,1073432746.00,86036042.00,17720414.00,1134454937.00
South Asia,2013,1705772050.00,522995126.00,1094135012.00,88641911.00,18859286.00,1190248198.00
South Asia,2014,1727640967.00,521467882.00,1114731181.00,91441904.00,21716374.00,1271478854.00
South Asia,2015,1749417068.00,519984160.00,1134924065.00,94508842.00,24615678.00,1330876237.00
South Asia,2016,1771167194.00,518067410.00,1154915642.00,98184140.00,28059477.00,1481312001.00
South Asia,2017,1792835608.00,516714425.00,1174111262.00,102009918.00,28779927.00,1554226943.00
South Asia,2018,1814388744.00,515583013.00,1192835260.00,105970472.00,32613207.00,1574138388.00
South Asia,2019,1835776742.00,514143504.00,1211598526.00,110034712.00,31999806.00,1570199881.00
Sub-Saharan Africa,1960,227233223.00,97324221.00,123035935.00,6873067.00,"",0.00
Sub-Saharan Africa,1961,232567038.00,100202388.00,125300805.00,7063845.00,"",""
Sub-Saharan Africa,1962,238121698.00,103070640.00,127809985.00,7241073.00,"",""
Sub-Saharan Africa,1963,243893426.00,105935208.00,130552712.00,7405506.00,"",""
Sub-Saharan Africa,1964,249873743.00,108783385.00,133532262.00,7558097.00,"",""
Sub-Saharan Africa,1965,256059811.00,111613197.00,136746705.00,7699909.00,"",0.00
Sub-Saharan Africa,1966,262454422.00,115018812.00,139513753.00,7921857.00,"",""
Sub-Saharan Africa,1967,269072224.00,118322167.00,142618688.00,8131369.00,"",""
Sub-Saharan Africa,1968,275937224.00,121595055.00,146012655.00,8329515.00,"",""
Sub-Saharan Africa,1969,283080084.00,124919565.00,149642955.00,8517564.00,"",""
Sub-Saharan Africa,1970,290526189.00,128340463.00,153488053.00,8697673.00,"",0.00
Sub-Saharan Africa,1971,298284068.00,132346825.00,156960238.00,8977005.00,"",""
Sub-Saharan Africa,1972,306359274.00,136389657.00,160724461.00,9245155.00,"",""
Sub-Saharan Africa,1973,314761167.00,140476806.00,164781779.00,9502583.00,"",""
Sub-Saharan Africa,1974,323500188.00,144601085.00,169149465.00,9749637.00,"",""
Sub-Saharan Africa,1975,332583486.00,148767677.00,173828730.00,9987079.00,"",0.00
Sub-Saharan Africa,1976,342018831.00,153573181.00,178129028.00,10316623.00,"",0.00
Sub-Saharan Africa,1977,351808670.00,158338262.00,182832179.00,10638230.00,"",0.00
Sub-Saharan Africa,1978,361939361.00,163121750.00,187862812.00,10954799.00,"",0.00
Sub-Saharan Africa,1979,372404185.00,167988849.00,193147144.00,11268192.00,"",0.00
Sub-Saharan Africa,1980,383188232.00,172958821.00,198650230.00,11579182.00,"",0.00
Sub-Saharan Africa,1981,394281956.00,178685064.00,203653318.00,11943573.00,"",0.00
Sub-Saharan Africa,1982,405688903.00,184390301.00,209004989.00,12293613.00,"",0.00
Sub-Saharan Africa,1983,417425681.00,190080866.00,214712374.00,12632440.00,"",0.00
Sub-Saharan Africa,1984,429521938.00,195751377.00,220806903.00,12963658.00,"",0.00
Sub-Saharan Africa,1985,441988010.00,201398099.00,227300066.00,13289846.00,"",0.00
Sub-Saharan Africa,1986,454835629.00,207747964.00,233361917.00,13725748.00,"",0.00
Sub-Saharan Africa,1987,468053168.00,213969048.00,239932033.00,14152087.00,"",0.00
Sub-Saharan Africa,1988,481594292.00,220069683.00,246955419.00,14569190.00,"",0.00
Sub-Saharan Africa,1989,495407391.00,226041926.00,254387220.00,14978244.00,"",3980.00
Sub-Saharan Africa,1990,509451851.00,231859196.00,262210603.00,15382053.00,"",7880.00
Sub-Saharan Africa,1991,523726913.00,238165467.00,269694418.00,15867027.00,"",9600.00
Sub-Saharan Africa,1992,538246469.00,244243684.00,277666278.00,16336506.00,"",17406.00
Sub-Saharan Africa,1993,553020362.00,250139537.00,286086672.00,16794152.00,"",59142.00
Sub-Saharan Africa,1994,568072008.00,255919276.00,294907117.00,17245616.00,"",372608.00
Sub-Saharan Africa,1995,583413261.00,261630737.00,304086315.00,17696210.00,"",601706.00
Sub-Saharan Africa,1996,599067779.00,268368312.00,312491138.00,18208329.00,"",1083260.00
Sub-Saharan Africa,1997,615054371.00,275012280.00,321345283.00,18696807.00,"",2088517.00
Sub-Saharan Africa,1998,631400656.00,281616718.00,330623061.00,19160877.00,"",3872303.00
Sub-Saharan Africa,1999,648148316.00,288227468.00,340325265.00,19595583.00,"",6466858.00
Sub-Saharan Africa,2000,665327581.00,294882281.00,350447711.00,19997589.00,21.00,11445272.00
Sub-Saharan Africa,2001,682956070.00,302551766.00,359900058.00,20504246.00,802.00,17046727.00
Sub-Saharan Africa,2002,701066167.00,310185724.00,369913300.00,20967143.00,7120.00,25098099.00
Sub-Saharan Africa,2003,719716209.00,317886617.00,380432417.00,21397175.00,31232.00,35687633.00
Sub-Saharan Africa,2004,738983255.00,325783158.00,391392980.00,21807117.00,84939.00,54326215.00
Sub-Saharan Africa,2005,758924681.00,333946844.00,402771608.00,22206229.00,221153.00,90481592.00
Sub-Saharan Africa,2006,779566820.00,342963418.00,413761420.00,22841983.00,481620.00,135536132.00
Sub-Saharan Africa,2007,800908534.00,352123370.00,425323056.00,23462107.00,671709.00,184823755.00
Sub-Saharan Africa,2008,822945457.00,361419245.00,437458055.00,24068157.00,801225.00,261134055.00
Sub-Saharan Africa,2009,845655214.00,370804676.00,450189755.00,24660783.00,992116.00,316759771.00
Sub-Saharan Africa,2010,869025106.00,380246651.00,463533756.00,25244699.00,1355449.00,387953348.00
Sub-Saharan Africa,2011,893046172.00,390233935.00,476776747.00,26035489.00,1763300.00,471725456.00
Sub-Saharan Africa,2012,914476874.00,398811952.00,488982315.00,26682607.00,2095874.00,544447623.00
Sub-Saharan Africa,2013,939759620.00,408612095.00,503687189.00,27460337.00,2972291.00,618078263.00
Sub-Saharan Africa,2014,965648338.00,418346594.00,519056431.00,28245319.00,3617075.00,680980334.00
Sub-Saharan Africa,2015,992115660.00,428002202.00,535067156.00,29046302.00,3653761.00,751999585.00
Sub-Saharan Africa,2016,1019149983.00,437959186.00,551144807.00,30045989.00,3850074.00,752397549.00
Sub-Saharan Africa,2017,1046740781.00,447707782.00,567985147.00,31047851.00,3863247.00,765230621.00
Sub-Saharan Africa,2018,1074853734.00,457249633.00,585542658.00,32061442.00,4448688.00,820446890.00
Sub-Saharan Africa,2019,1103460781.00,466596359.00,603767640.00,33096782.00,4919067.00,860887155.00
